classification,trades_count,total_pnl,mean_pnl,median_pnl,total_volume_usd,mean_leverage
Extreme Fear,2326,4399.936551,1.8916322231298366,0.0,9580240.04,
Extreme Greed,5621,1156893.675576,205.81634505888633,0.96048,18223760.27,
Fear,13869,1779225.582654,128.28795029591174,0.0,79674391.06,
Greed,11292,609632.532636,53.988003244420824,0.0,57045815.74,
Neutral,2756,74656.74198,27.08880333091437,0.0,11939551.21,
Unknown,43361,6672150.4740389995,38.04830334191948,0.0,1014723684.14,
